ABOUT.ACT ABOUT.PAL
AGES.ACT AGES.PAL
ALBERT.ACT PENS.PAL
ALLOS.ACT PENS.PAL
ANKY.ACT PENS.PAL
APATO.ACT PENS.PAL
AUCTION.ACT AUCTION.PAL
BANK.ACT OFFICE10.PAL
BAPA.ACT BAPA.PAL
BLUEPRNT.ACT BLUEPRNT.PAL
BTNS.ACT PENS.PAL
BUS.ACT PENS.PAL
COEL.ACT PENS.PAL
CORY.ACT PENS.PAL
CREDITS.ACT PENS.PAL
DEINON.ACT PENS.PAL
DINER.ACT DINER.PAL
DINOMART.ACT DINOMART.PAL
DINOS.ACT PENS.PAL
DIPPY.ACT PENS.PAL
EDDIE.ACT PENS.PAL
EMPCONC.ACT EMPOFF.PAL
EMPMAINT.ACT EMPOFF.PAL
EMPMANAG.ACT EMPOFF.PAL
EMPOFF.ACT EMPOFF.PAL
EMPSEC.ACT EMPOFF.PAL
EMPTOUR.ACT EMPOFF.PAL
EMPVET.ACT EMPOFF.PAL
EVOL.ACT EVOL.PAL
HADRO.ACT PENS.PAL
HYPSI.ACT PENS.PAL
IGUANA.ACT PENS.PAL
MALL.ACT MALL.PAL
MANLEY.ACT MECC.PAL
MECC.ACT MECC.PAL
NICETRY.ACT NICETRY.PAL
OFFICE.ACT OFFICE.PAL
ORINTH.ACT PENS.PAL
PANO.ACT PENS.PAL
PARK.ACT PENS.PAL
PENS.ACT PENS.PAL
PENTA.ACT PENS.PAL
PEOPLE.ACT PENS.PAL
PLANTS1.ACT PENS.PAL
PLANTS2.ACT PENS.PAL
PLANTS3.ACT PENS.PAL
REALEST.ACT REALEST.PAL
RECONS.ACT RECONS.PAL
SAUR.ACT PENS.PAL
SIZES.ACT SIZES.PAL
STEGO.ACT PENS.PAL
STORE.ACT STORE.PAL
THEORIES.ACT THEORIES.PAL
TOPTEN.ACT TOPTEN.PAL
TREX.ACT PENS.PAL
TRIC.ACT PENS.PAL
TYPES.PIC TYPES.PAL
WHATARE.PIC WHATARE.PAL
WINSHOP.ACT WINSHOP.PAL
